{
  "timestamp": "20260214_155419",
  "config": {
    "epochs": 5,
    "warmup_epochs": 5,
    "learning_rate": 0.0001,
    "batch_size": 1,
    "device": "cuda"
  },
  "best_validation_metric": 0.0066925643089537825,
  "final_epoch": 4,
  "training_history": {
    "train_loss": [
      1.0922245979309082,
      1.0889132916927338,
      1.0839861929416656,
      1.077809453010559
    ],
    "val_loss": [
      1.0711451768875122,
      1.0713906288146973,
      1.0717129111289978,
      1.072007179260254
    ],
    "val_mean_dice": [
      0.006608742638491094,
      0.006609453780887028,
      0.0066919861516604815,
      0.0066925643089537825
    ],
    "val_dice_wt": [
      0.013184870593249798,
      0.01313827931880951,
      0.013213507132604718,
      0.013222986133769155
    ],
    "val_dice_tc": [
      0.003376184031367302,
      0.0033730852883309126,
      0.0034243843983858824,
      0.0034260177053511143
    ],
    "val_dice_et": [
      0.0032651732908561826,
      0.003316996735520661,
      0.0034380669239908457,
      0.003428689087741077
    ],
    "val_hd95_wt": [
      155.0268325805664,
      155.38436126708984,
      155.60472106933594,
      155.62407684326172
    ],
    "val_hd95_tc": [
      172.56475067138672,
      172.5502166748047,
      172.2549285888672,
      172.27973175048828
    ],
    "val_hd95_et": [
      173.08572387695312,
      172.52008819580078,
      172.03801727294922,
      172.09442901611328
    ],
    "val_mean_hd95": [
      166.8924357096354,
      166.81822204589844,
      166.63255564371747,
      166.66607920328775
    ],
    "learning_rate": [
      2e-05,
      4e-05,
      6.000000000000001e-05,
      8e-05
    ]
  },
  "test_metrics": {
    "dice_wt": 0.018124154768884182,
    "dice_tc": 0.004298198269680142,
    "dice_et": 0.002919820137321949,
    "mean_dice": 0.008447391058628758,
    "hd95_wt": 150.13597869873047,
    "hd95_tc": 165.9765625,
    "hd95_et": 165.21691131591797,
    "mean_hd95": 160.44315083821613
  }
}