{
  "timestamp": "20260329_034025",
  "config": {
    "epochs": 100,
    "warmup_epochs": 5,
    "learning_rate": 0.0002,
    "batch_size": 4,
    "device": "cuda"
  },
  "best_validation_metric": 0.651245494998952,
  "final_epoch": 76,
  "training_history": {
    "train_loss": [
      1.0430627406911648,
      0.9155127337638368,
      0.7660895936032559,
      0.6846740999120347,
      0.6478052945847207,
      0.6336706110771666,
      0.6254827037770697,
      0.6060850909415711,
      0.59690163338438,
      0.587896728515625,
      0.5829715284895389,
      0.5705157458782196,
      0.5641584805985714,
      0.5563423892284961,
      0.5525093715241615,
      0.5484673813302466,
      0.5458457396385518,
      0.541078622417247,
      0.5292206784512135,
      0.5110592039341623,
      0.4984904244859168,
      0.48859408053945985,
      0.48286464506007254,
      0.4731040463802662,
      0.46827333227117013,
      0.4624432459790656,
      0.45488346434654076,
      0.4490162919176386,
      0.4459222964783932,
      0.4440105226445705,
      0.4408533148309018,
      0.43493549811079146,
      0.4351451485715014,
      0.4315268621799794,
      0.4293288863719778,
      0.43094314425549607,
      0.42113540844714387,
      0.41666791122010416,
      0.4173809704628397,
      0.4167991964106864,
      0.41727432393013164,
      0.40589919876545033,
      0.40612510975371013,
      0.40142942502143536,
      0.40473766529813726,
      0.40204120367131335,
      0.39364837572929706,
      0.3933652474525127,
      0.38921579325452765,
      0.38827011217462254,
      0.3892233417389241,
      0.38508506823093336,
      0.3835415246638846,
      0.3898367615456277,
      0.3782236344002663,
      0.37655002208466226,
      0.3722872394196531,
      0.3716470675265535,
      0.3720744594614557,
      0.36797525413492893,
      0.3799351987686563,
      0.3658837816816695,
      0.36484365108165334,
      0.37731391736801634,
      0.36462707646349646,
      0.3600619653438,
      0.35841078916762736,
      0.35356232143462973,
      0.3597371727862257,
      0.3527928950938773,
      0.3510533575047838,
      0.36289888880354293,
      0.35136529004320183,
      0.3483245371504033,
      0.3462086934358516,
      0.3462907127877499
    ],
    "val_loss": [
      1.0131670571863651,
      0.8244480825960636,
      0.7265915293246508,
      0.6545412633568048,
      0.6385391838848591,
      0.6311311181634665,
      0.6116351131349802,
      0.5991206429898739,
      0.5889144763350487,
      0.5837287344038486,
      0.5797489956021309,
      0.5737465228885412,
      0.5587594388052821,
      0.5582637814804912,
      0.5491545237600803,
      0.5428830934688449,
      0.5533461263403296,
      0.5285280114039779,
      0.5088135842233896,
      0.5116377351805568,
      0.49493007827550173,
      0.48719193134456873,
      0.48485919646918774,
      0.4636029228568077,
      0.4708162900060415,
      0.45401185378432274,
      0.4620909206569195,
      0.4480221690610051,
      0.45142947137355804,
      0.456376020796597,
      0.4390812814235687,
      0.4466524887830019,
      0.4393749637529254,
      0.4297095285728574,
      0.4429914001375437,
      0.42585140373557806,
      0.42712409887462854,
      0.42766943853348494,
      0.4212007699534297,
      0.4303648993372917,
      0.4200464617460966,
      0.42754329927265644,
      0.4137978833168745,
      0.4151227930560708,
      0.4099482139572501,
      0.4147920301184058,
      0.41075806971639395,
      0.40740282367914915,
      0.4078030688688159,
      0.41073013469576836,
      0.40750630758702755,
      0.4111436950042844,
      0.4055063175037503,
      0.40394042525440454,
      0.40198878571391106,
      0.39889017026871443,
      0.402264766395092,
      0.39881162624806166,
      0.39930467028170824,
      0.3970665615051985,
      0.4026209646835923,
      0.3971767257899046,
      0.3981332862749696,
      0.4109114231541753,
      0.3972960002720356,
      0.3986605666577816,
      0.3956670928746462,
      0.3944077519699931,
      0.394227372482419,
      0.39305372443050146,
      0.39206996094435453,
      0.3980868235230446,
      0.3943654177710414,
      0.3914450714364648,
      0.3933631246909499,
      0.39153051376342773
    ],
    "val_mean_dice": [
      0.015923863581120575,
      0.08261981048921824,
      0.2505463766988622,
      0.2841275304398208,
      0.29693959976630235,
      0.3233789773017325,
      0.3510970914805378,
      0.36784491790507834,
      0.3899823342839246,
      0.3910162365310406,
      0.3958453698448404,
      0.38548485303997365,
      0.4081352517087624,
      0.4056353295448596,
      0.4182367699329185,
      0.4276130881416735,
      0.412029132798866,
      0.4487593194479664,
      0.48619743818959216,
      0.4768826010681333,
      0.5090367738847379,
      0.5109974595289382,
      0.5087416990408822,
      0.5584816817568723,
      0.524389059297622,
      0.5623904914452286,
      0.556848612411943,
      0.5663300916631387,
      0.5686442385274897,
      0.5502456980092186,
      0.5808323377339298,
      0.5790010208175296,
      0.5825919057957082,
      0.5946501643254013,
      0.5799333845812177,
      0.5974414219301214,
      0.6070100895311465,
      0.5967950470863826,
      0.6067687876956173,
      0.5987112951026391,
      0.6092088552063736,
      0.6003331970916223,
      0.6210539318897105,
      0.6164974510354339,
      0.6267851854442921,
      0.6196224971738441,
      0.619261019128971,
      0.6298250710522688,
      0.6250323404080024,
      0.6269534490411244,
      0.6310976030965332,
      0.6219647690732643,
      0.6245773601784276,
      0.6352751789584992,
      0.6341744869474382,
      0.6409886316962975,
      0.635540002237552,
      0.6363800584323821,
      0.638189319895689,
      0.6416087413906421,
      0.6370081188817505,
      0.6446629198139938,
      0.6414803168761035,
      0.6250242914156938,
      0.6434550912922653,
      0.646233177689648,
      0.6447296951498304,
      0.6478518200299096,
      0.6478738896745855,
      0.6494355301062267,
      0.6510283316253985,
      0.639360024184777,
      0.6466404819299304,
      0.6507218161587993,
      0.6464920701488617,
      0.651245494998952
    ],